implementation,n_features,n_neighbors,n_samples_test,n_samples_train,throughput,time_elapsed,trial,working_memory
sklearn,50.0,10.0,1000.0,1000000.0,0.01636395662815851,24.46841,0.0,"(0, nan)"
daal4py,50.0,10.0,1000.0,1000000.0,0.14509401758956944,2.75959,0.0,"(0, nan)"
Double chunking @ fdc9d31,50.0,10.0,1000.0,1000000.0,0.07114238248802893,5.62815,0.0,"(32768, 36)"
Double chunking @ fdc9d31,50.0,10.0,1000.0,1000000.0,0.08112127265580998,4.93582,0.0,"(65536, 54)"
Double chunking @ fdc9d31,50.0,10.0,1000.0,1000000.0,0.055570436638738036,7.20527,0.0,"(131072, 81)"
Double chunking @ fdc9d31,50.0,10.0,1000.0,1000000.0,0.06339696251915843,6.31576,0.0,"(262144, 118)"
Double chunking @ fdc9d31,50.0,10.0,1000.0,1000000.0,0.07546714615822467,5.30562,0.0,"(524288, 171)"
Double chunking @ fdc9d31,50.0,10.0,1000.0,1000000.0,0.08480068450502577,4.72166,0.0,"(1048576, 246)"
Double chunking @ fdc9d31,50.0,10.0,1000.0,1000000.0,0.09895802439844197,4.04616,0.0,"(2097152, 352)"
Double chunking @ fdc9d31,50.0,10.0,1000.0,1000000.0,0.1049599060498743,3.81479,0.0,"(4194304, 502)"
Double chunking @ fdc9d31,50.0,10.0,1000.0,1000000.0,0.108111610927805,3.70358,0.0,"(8388608, 714)"
Double chunking @ fdc9d31,50.0,10.0,1000.0,1000000.0,0.11527344334788166,3.47348,0.0,"(16777216, 1014)"
sklearn,50.0,10.0,1000.0,1000000.0,0.015936635554936417,25.1245,1.0,"(0, nan)"
daal4py,50.0,10.0,1000.0,1000000.0,0.14947716590696128,2.67867,1.0,"(0, nan)"
Double chunking @ fdc9d31,50.0,10.0,1000.0,1000000.0,0.07146248219684664,5.60294,1.0,"(32768, 36)"
Double chunking @ fdc9d31,50.0,10.0,1000.0,1000000.0,0.08128876391948271,4.92565,1.0,"(65536, 54)"
Double chunking @ fdc9d31,50.0,10.0,1000.0,1000000.0,0.0539107510478532,7.42709,1.0,"(131072, 81)"
Double chunking @ fdc9d31,50.0,10.0,1000.0,1000000.0,0.06373127177631023,6.28263,1.0,"(262144, 118)"
Double chunking @ fdc9d31,50.0,10.0,1000.0,1000000.0,0.07698785960675432,5.20082,1.0,"(524288, 171)"
Double chunking @ fdc9d31,50.0,10.0,1000.0,1000000.0,0.08859367497803965,4.51951,1.0,"(1048576, 246)"
Double chunking @ fdc9d31,50.0,10.0,1000.0,1000000.0,0.10341683648827003,3.87171,1.0,"(2097152, 352)"
Double chunking @ fdc9d31,50.0,10.0,1000.0,1000000.0,0.10412197145227267,3.84549,1.0,"(4194304, 502)"
Double chunking @ fdc9d31,50.0,10.0,1000.0,1000000.0,0.1063671526331449,3.76432,1.0,"(8388608, 714)"
Double chunking @ fdc9d31,50.0,10.0,1000.0,1000000.0,0.11587693429685217,3.45539,1.0,"(16777216, 1014)"
sklearn,50.0,10.0,1000.0,1000000.0,0.015384881395397985,26.02555,2.0,"(0, nan)"
daal4py,50.0,10.0,1000.0,1000000.0,0.14730119489081167,2.71824,2.0,"(0, nan)"
Double chunking @ fdc9d31,50.0,10.0,1000.0,1000000.0,0.07228337103357639,5.53931,2.0,"(32768, 36)"
Double chunking @ fdc9d31,50.0,10.0,1000.0,1000000.0,0.08155251215955289,4.90972,2.0,"(65536, 54)"
Double chunking @ fdc9d31,50.0,10.0,1000.0,1000000.0,0.05456044367833321,7.33865,2.0,"(131072, 81)"
Double chunking @ fdc9d31,50.0,10.0,1000.0,1000000.0,0.06330224609143412,6.32521,2.0,"(262144, 118)"
Double chunking @ fdc9d31,50.0,10.0,1000.0,1000000.0,0.07524434680803484,5.32133,2.0,"(524288, 171)"
Double chunking @ fdc9d31,50.0,10.0,1000.0,1000000.0,0.08403731727025637,4.76455,2.0,"(1048576, 246)"
Double chunking @ fdc9d31,50.0,10.0,1000.0,1000000.0,0.10135682462535439,3.9504,2.0,"(2097152, 352)"
Double chunking @ fdc9d31,50.0,10.0,1000.0,1000000.0,0.1029065180124958,3.89091,2.0,"(4194304, 502)"
Double chunking @ fdc9d31,50.0,10.0,1000.0,1000000.0,0.11039365650037773,3.62702,2.0,"(8388608, 714)"
Double chunking @ fdc9d31,50.0,10.0,1000.0,1000000.0,0.11678746955621344,3.42845,2.0,"(16777216, 1014)"
sklearn,50.0,10.0,1000.0,1000000.0,0.017202881869391288,23.27517,3.0,"(0, nan)"
daal4py,50.0,10.0,1000.0,1000000.0,0.150206703030394,2.66566,3.0,"(0, nan)"
Double chunking @ fdc9d31,50.0,10.0,1000.0,1000000.0,0.07074604924660052,5.65968,3.0,"(32768, 36)"
Double chunking @ fdc9d31,50.0,10.0,1000.0,1000000.0,0.08030710850284604,4.98586,3.0,"(65536, 54)"
Double chunking @ fdc9d31,50.0,10.0,1000.0,1000000.0,0.054937666877965384,7.28826,3.0,"(131072, 81)"
Double chunking @ fdc9d31,50.0,10.0,1000.0,1000000.0,0.06378467415494068,6.27737,3.0,"(262144, 118)"
Double chunking @ fdc9d31,50.0,10.0,1000.0,1000000.0,0.07456668820732668,5.36969,3.0,"(524288, 171)"
Double chunking @ fdc9d31,50.0,10.0,1000.0,1000000.0,0.08611882418983995,4.64939,3.0,"(1048576, 246)"
Double chunking @ fdc9d31,50.0,10.0,1000.0,1000000.0,0.10090140944451303,3.96823,3.0,"(2097152, 352)"
Double chunking @ fdc9d31,50.0,10.0,1000.0,1000000.0,0.10584500210156784,3.78289,3.0,"(4194304, 502)"
Double chunking @ fdc9d31,50.0,10.0,1000.0,1000000.0,0.10700417701120551,3.74191,3.0,"(8388608, 714)"
Double chunking @ fdc9d31,50.0,10.0,1000.0,1000000.0,0.11572421566785647,3.45995,3.0,"(16777216, 1014)"
sklearn,50.0,10.0,1000.0,1000000.0,0.01498232728976285,26.72482,4.0,"(0, nan)"
daal4py,50.0,10.0,1000.0,1000000.0,0.15021741006276565,2.66547,4.0,"(0, nan)"
Double chunking @ fdc9d31,50.0,10.0,1000.0,1000000.0,0.07154957363316011,5.59612,4.0,"(32768, 36)"
Double chunking @ fdc9d31,50.0,10.0,1000.0,1000000.0,0.0801847212459472,4.99347,4.0,"(65536, 54)"
Double chunking @ fdc9d31,50.0,10.0,1000.0,1000000.0,0.054553753295501765,7.33955,4.0,"(131072, 81)"
Double chunking @ fdc9d31,50.0,10.0,1000.0,1000000.0,0.06211228299870159,6.44639,4.0,"(262144, 118)"
Double chunking @ fdc9d31,50.0,10.0,1000.0,1000000.0,0.0723557357822967,5.53377,4.0,"(524288, 171)"
Double chunking @ fdc9d31,50.0,10.0,1000.0,1000000.0,0.08584997695086784,4.66395,4.0,"(1048576, 246)"
Double chunking @ fdc9d31,50.0,10.0,1000.0,1000000.0,0.09728860260618769,4.11559,4.0,"(2097152, 352)"
Double chunking @ fdc9d31,50.0,10.0,1000.0,1000000.0,0.10354306579536023,3.86699,4.0,"(4194304, 502)"
Double chunking @ fdc9d31,50.0,10.0,1000.0,1000000.0,0.11043262892540558,3.62574,4.0,"(8388608, 714)"
Double chunking @ fdc9d31,50.0,10.0,1000.0,1000000.0,0.11502739226236817,3.48091,4.0,"(16777216, 1014)"
sklearn,100.0,10.0,1000.0,1000000.0,0.027882542353052597,28.72048,0.0,"(0, nan)"
daal4py,100.0,10.0,1000.0,1000000.0,0.17388736406906855,4.60528,0.0,"(0, nan)"
Double chunking @ fdc9d31,100.0,10.0,1000.0,1000000.0,0.08162441556694211,9.81079,0.0,"(32768, 36)"
Double chunking @ fdc9d31,100.0,10.0,1000.0,1000000.0,0.04763848056566531,16.80994,0.0,"(65536, 54)"
Double chunking @ fdc9d31,100.0,10.0,1000.0,1000000.0,0.0692729369285826,11.56007,0.0,"(131072, 81)"
Double chunking @ fdc9d31,100.0,10.0,1000.0,1000000.0,0.08119414607240555,9.86278,0.0,"(262144, 118)"
Double chunking @ fdc9d31,100.0,10.0,1000.0,1000000.0,0.09720251454456957,8.23847,0.0,"(524288, 171)"
Double chunking @ fdc9d31,100.0,10.0,1000.0,1000000.0,0.11252896482626726,7.11639,0.0,"(1048576, 246)"
Double chunking @ fdc9d31,100.0,10.0,1000.0,1000000.0,0.13679138118640216,5.85417,0.0,"(2097152, 352)"
Double chunking @ fdc9d31,100.0,10.0,1000.0,1000000.0,0.13154328460690604,6.08773,0.0,"(4194304, 502)"
Double chunking @ fdc9d31,100.0,10.0,1000.0,1000000.0,0.1444574727157933,5.5435,0.0,"(8388608, 714)"
Double chunking @ fdc9d31,100.0,10.0,1000.0,1000000.0,0.15233718107731758,5.25676,0.0,"(16777216, 1014)"
sklearn,100.0,10.0,1000.0,1000000.0,0.027341462706797978,29.28885,1.0,"(0, nan)"
daal4py,100.0,10.0,1000.0,1000000.0,0.17357340564113566,4.61361,1.0,"(0, nan)"
Double chunking @ fdc9d31,100.0,10.0,1000.0,1000000.0,0.0804631655945613,9.95238,1.0,"(32768, 36)"
Double chunking @ fdc9d31,100.0,10.0,1000.0,1000000.0,0.047201284478510686,16.96564,1.0,"(65536, 54)"
Double chunking @ fdc9d31,100.0,10.0,1000.0,1000000.0,0.06916267219415295,11.5785,1.0,"(131072, 81)"
Double chunking @ fdc9d31,100.0,10.0,1000.0,1000000.0,0.08050369092534007,9.94737,1.0,"(262144, 118)"
Double chunking @ fdc9d31,100.0,10.0,1000.0,1000000.0,0.09698837060021849,8.25666,1.0,"(524288, 171)"
Double chunking @ fdc9d31,100.0,10.0,1000.0,1000000.0,0.112111327332036,7.1429,1.0,"(1048576, 246)"
Double chunking @ fdc9d31,100.0,10.0,1000.0,1000000.0,0.1342939171965977,5.96304,1.0,"(2097152, 352)"
Double chunking @ fdc9d31,100.0,10.0,1000.0,1000000.0,0.13382889688089095,5.98376,1.0,"(4194304, 502)"
Double chunking @ fdc9d31,100.0,10.0,1000.0,1000000.0,0.14340871483728626,5.58404,1.0,"(8388608, 714)"
Double chunking @ fdc9d31,100.0,10.0,1000.0,1000000.0,0.15074989034489122,5.31211,1.0,"(16777216, 1014)"
sklearn,100.0,10.0,1000.0,1000000.0,0.028685143653179136,27.91689,2.0,"(0, nan)"
daal4py,100.0,10.0,1000.0,1000000.0,0.17337573908769893,4.61887,2.0,"(0, nan)"
Double chunking @ fdc9d31,100.0,10.0,1000.0,1000000.0,0.08045896170965247,9.9529,2.0,"(32768, 36)"
Double chunking @ fdc9d31,100.0,10.0,1000.0,1000000.0,0.04688239123613082,17.08104,2.0,"(65536, 54)"
Double chunking @ fdc9d31,100.0,10.0,1000.0,1000000.0,0.06790198304655035,11.79347,2.0,"(131072, 81)"
Double chunking @ fdc9d31,100.0,10.0,1000.0,1000000.0,0.08020680696180661,9.98419,2.0,"(262144, 118)"
Double chunking @ fdc9d31,100.0,10.0,1000.0,1000000.0,0.09745317185248646,8.21728,2.0,"(524288, 171)"
Double chunking @ fdc9d31,100.0,10.0,1000.0,1000000.0,0.11256914329090435,7.11385,2.0,"(1048576, 246)"
Double chunking @ fdc9d31,100.0,10.0,1000.0,1000000.0,0.13360494778762685,5.99379,2.0,"(2097152, 352)"
Double chunking @ fdc9d31,100.0,10.0,1000.0,1000000.0,0.13259266004917583,6.03955,2.0,"(4194304, 502)"
Double chunking @ fdc9d31,100.0,10.0,1000.0,1000000.0,0.14151310162506803,5.65884,2.0,"(8388608, 714)"
Double chunking @ fdc9d31,100.0,10.0,1000.0,1000000.0,0.1526903863021012,5.2446,2.0,"(16777216, 1014)"
sklearn,100.0,10.0,1000.0,1000000.0,0.027814633943023068,28.7906,3.0,"(0, nan)"
daal4py,100.0,10.0,1000.0,1000000.0,0.175630211554573,4.55958,3.0,"(0, nan)"
Double chunking @ fdc9d31,100.0,10.0,1000.0,1000000.0,0.08068302492831422,9.92526,3.0,"(32768, 36)"
Double chunking @ fdc9d31,100.0,10.0,1000.0,1000000.0,0.04691007418446297,17.07096,3.0,"(65536, 54)"
Double chunking @ fdc9d31,100.0,10.0,1000.0,1000000.0,0.06878200536307244,11.64258,3.0,"(131072, 81)"
Double chunking @ fdc9d31,100.0,10.0,1000.0,1000000.0,0.08046373153569372,9.95231,3.0,"(262144, 118)"
Double chunking @ fdc9d31,100.0,10.0,1000.0,1000000.0,0.09791981531207661,8.17812,3.0,"(524288, 171)"
Double chunking @ fdc9d31,100.0,10.0,1000.0,1000000.0,0.1122178438703385,7.13612,3.0,"(1048576, 246)"
Double chunking @ fdc9d31,100.0,10.0,1000.0,1000000.0,0.13349981912174858,5.99851,3.0,"(2097152, 352)"
Double chunking @ fdc9d31,100.0,10.0,1000.0,1000000.0,0.13803992953206395,5.80122,3.0,"(4194304, 502)"
Double chunking @ fdc9d31,100.0,10.0,1000.0,1000000.0,0.1420928891451892,5.63575,3.0,"(8388608, 714)"
Double chunking @ fdc9d31,100.0,10.0,1000.0,1000000.0,0.15376255513121084,5.20803,3.0,"(16777216, 1014)"
sklearn,100.0,10.0,1000.0,1000000.0,0.028428605965250216,28.16881,4.0,"(0, nan)"
daal4py,100.0,10.0,1000.0,1000000.0,0.1736001213986863,4.6129,4.0,"(0, nan)"
Double chunking @ fdc9d31,100.0,10.0,1000.0,1000000.0,0.08054506721811741,9.94226,4.0,"(32768, 36)"
Double chunking @ fdc9d31,100.0,10.0,1000.0,1000000.0,0.047011361861856574,17.03418,4.0,"(65536, 54)"
Double chunking @ fdc9d31,100.0,10.0,1000.0,1000000.0,0.06987844571069557,11.4599,4.0,"(131072, 81)"
Double chunking @ fdc9d31,100.0,10.0,1000.0,1000000.0,0.0812891765004441,9.85125,4.0,"(262144, 118)"
Double chunking @ fdc9d31,100.0,10.0,1000.0,1000000.0,0.09971336144101248,8.03102,4.0,"(524288, 171)"
Double chunking @ fdc9d31,100.0,10.0,1000.0,1000000.0,0.1089307430088717,7.35146,4.0,"(1048576, 246)"
Double chunking @ fdc9d31,100.0,10.0,1000.0,1000000.0,0.13242798980000198,6.04706,4.0,"(2097152, 352)"
Double chunking @ fdc9d31,100.0,10.0,1000.0,1000000.0,0.13591287183830306,5.89201,4.0,"(4194304, 502)"
Double chunking @ fdc9d31,100.0,10.0,1000.0,1000000.0,0.14069387661877897,5.69179,4.0,"(8388608, 714)"
Double chunking @ fdc9d31,100.0,10.0,1000.0,1000000.0,0.1558152476349471,5.13942,4.0,"(16777216, 1014)"
sklearn,500.0,10.0,10.0,1000.0,1.4225352112676055,0.00284,0.0,"(0, nan)"
daal4py,500.0,10.0,10.0,1000.0,0.7724665391969406,0.00523,0.0,"(0, nan)"
Double chunking @ fdc9d31,500.0,10.0,10.0,1000.0,0.40521564694082246,0.00997,0.0,"(32768, 36)"
Double chunking @ fdc9d31,500.0,10.0,10.0,1000.0,0.616793893129771,0.00655,0.0,"(65536, 54)"
Double chunking @ fdc9d31,500.0,10.0,10.0,1000.0,1.0125313283208022,0.00399,0.0,"(131072, 81)"
Double chunking @ fdc9d31,500.0,10.0,10.0,1000.0,0.31761006289308175,0.01272,0.0,"(262144, 118)"
Double chunking @ fdc9d31,500.0,10.0,10.0,1000.0,1.0603674540682415,0.00381,0.0,"(524288, 171)"
Double chunking @ fdc9d31,500.0,10.0,10.0,1000.0,1.074468085106383,0.00376,0.0,"(1048576, 246)"
Double chunking @ fdc9d31,500.0,10.0,10.0,1000.0,1.0831099195710456,0.00373,0.0,"(2097152, 352)"
Double chunking @ fdc9d31,500.0,10.0,10.0,1000.0,1.0306122448979593,0.00392,0.0,"(4194304, 502)"
Double chunking @ fdc9d31,500.0,10.0,10.0,1000.0,1.0889487870619945,0.00371,0.0,"(8388608, 714)"
Double chunking @ fdc9d31,500.0,10.0,10.0,1000.0,0.4027916251246261,0.01003,0.0,"(16777216, 1014)"
sklearn,500.0,10.0,10.0,1000.0,1.7046413502109703,0.00237,1.0,"(0, nan)"
daal4py,500.0,10.0,10.0,1000.0,5.246753246753247,0.00077,1.0,"(0, nan)"
Double chunking @ fdc9d31,500.0,10.0,10.0,1000.0,1.7191489361702128,0.00235,1.0,"(32768, 36)"
Double chunking @ fdc9d31,500.0,10.0,10.0,1000.0,1.0,0.00404,1.0,"(65536, 54)"
Double chunking @ fdc9d31,500.0,10.0,10.0,1000.0,1.086021505376344,0.00372,1.0,"(131072, 81)"
Double chunking @ fdc9d31,500.0,10.0,10.0,1000.0,0.9877750611246944,0.00409,1.0,"(262144, 118)"
Double chunking @ fdc9d31,500.0,10.0,10.0,1000.0,0.804780876494024,0.00502,1.0,"(524288, 171)"
Double chunking @ fdc9d31,500.0,10.0,10.0,1000.0,1.0978260869565217,0.00368,1.0,"(1048576, 246)"
Double chunking @ fdc9d31,500.0,10.0,10.0,1000.0,1.01,0.004,1.0,"(2097152, 352)"
Double chunking @ fdc9d31,500.0,10.0,10.0,1000.0,1.094850948509485,0.00369,1.0,"(4194304, 502)"
Double chunking @ fdc9d31,500.0,10.0,10.0,1000.0,1.086021505376344,0.00372,1.0,"(8388608, 714)"
Double chunking @ fdc9d31,500.0,10.0,10.0,1000.0,2.2197802197802194,0.00182,1.0,"(16777216, 1014)"
sklearn,500.0,10.0,10.0,1000.0,1.6903765690376569,0.00239,2.0,"(0, nan)"
daal4py,500.0,10.0,10.0,1000.0,4.867469879518072,0.00083,2.0,"(0, nan)"
Double chunking @ fdc9d31,500.0,10.0,10.0,1000.0,1.7876106194690267,0.00226,2.0,"(32768, 36)"
Double chunking @ fdc9d31,500.0,10.0,10.0,1000.0,0.3689497716894977,0.01095,2.0,"(65536, 54)"
Double chunking @ fdc9d31,500.0,10.0,10.0,1000.0,1.0279898218829515,0.00393,2.0,"(131072, 81)"
Double chunking @ fdc9d31,500.0,10.0,10.0,1000.0,1.0466321243523315,0.00386,2.0,"(262144, 118)"
Double chunking @ fdc9d31,500.0,10.0,10.0,1000.0,1.103825136612022,0.00366,2.0,"(524288, 171)"
Double chunking @ fdc9d31,500.0,10.0,10.0,1000.0,0.4758539458186102,0.00849,2.0,"(1048576, 246)"
Double chunking @ fdc9d31,500.0,10.0,10.0,1000.0,0.33921074727120065,0.01191,2.0,"(2097152, 352)"
Double chunking @ fdc9d31,500.0,10.0,10.0,1000.0,0.530880420499343,0.00761,2.0,"(4194304, 502)"
Double chunking @ fdc9d31,500.0,10.0,10.0,1000.0,0.5415549597855228,0.00746,2.0,"(8388608, 714)"
Double chunking @ fdc9d31,500.0,10.0,10.0,1000.0,1.8116591928251118,0.00223,2.0,"(16777216, 1014)"
sklearn,500.0,10.0,10.0,1000.0,1.7719298245614035,0.00228,3.0,"(0, nan)"
daal4py,500.0,10.0,10.0,1000.0,0.7754318618042226,0.00521,3.0,"(0, nan)"
Double chunking @ fdc9d31,500.0,10.0,10.0,1000.0,0.4101522842639594,0.00985,3.0,"(32768, 36)"
Double chunking @ fdc9d31,500.0,10.0,10.0,1000.0,0.5062656641604011,0.00798,3.0,"(65536, 54)"
Double chunking @ fdc9d31,500.0,10.0,10.0,1000.0,0.5358090185676393,0.00754,3.0,"(131072, 81)"
Double chunking @ fdc9d31,500.0,10.0,10.0,1000.0,0.5393858477970628,0.00749,3.0,"(262144, 118)"
Double chunking @ fdc9d31,500.0,10.0,10.0,1000.0,0.44395604395604393,0.0091,3.0,"(524288, 171)"
Double chunking @ fdc9d31,500.0,10.0,10.0,1000.0,0.46436781609195404,0.0087,3.0,"(1048576, 246)"
Double chunking @ fdc9d31,500.0,10.0,10.0,1000.0,1.0773333333333335,0.00375,3.0,"(2097152, 352)"
Double chunking @ fdc9d31,500.0,10.0,10.0,1000.0,0.41478439425051333,0.00974,3.0,"(4194304, 502)"
Double chunking @ fdc9d31,500.0,10.0,10.0,1000.0,0.26098191214470284,0.01548,3.0,"(8388608, 714)"
Double chunking @ fdc9d31,500.0,10.0,10.0,1000.0,1.8447488584474885,0.00219,3.0,"(16777216, 1014)"
sklearn,500.0,10.0,10.0,1000.0,0.73992673992674,0.00546,4.0,"(0, nan)"
daal4py,500.0,10.0,10.0,1000.0,0.7769230769230769,0.0052,4.0,"(0, nan)"
Double chunking @ fdc9d31,500.0,10.0,10.0,1000.0,1.7565217391304349,0.0023,4.0,"(32768, 36)"
Double chunking @ fdc9d31,500.0,10.0,10.0,1000.0,0.73992673992674,0.00546,4.0,"(65536, 54)"
Double chunking @ fdc9d31,500.0,10.0,10.0,1000.0,0.7622641509433962,0.0053,4.0,"(131072, 81)"
Double chunking @ fdc9d31,500.0,10.0,10.0,1000.0,1.002481389578164,0.00403,4.0,"(262144, 118)"
Double chunking @ fdc9d31,500.0,10.0,10.0,1000.0,0.6710963455149501,0.00602,4.0,"(524288, 171)"
Double chunking @ fdc9d31,500.0,10.0,10.0,1000.0,0.7062937062937062,0.00572,4.0,"(1048576, 246)"
Double chunking @ fdc9d31,500.0,10.0,10.0,1000.0,0.748148148148148,0.0054,4.0,"(2097152, 352)"
Double chunking @ fdc9d31,500.0,10.0,10.0,1000.0,1.038560411311054,0.00389,4.0,"(4194304, 502)"
Double chunking @ fdc9d31,500.0,10.0,10.0,1000.0,0.9805825242718446,0.00412,4.0,"(8388608, 714)"
Double chunking @ fdc9d31,500.0,10.0,10.0,1000.0,0.6733333333333333,0.006,4.0,"(16777216, 1014)"
sklearn,50.0,10.0,1000000.0,1000.0,0.014763080941430315,27.12171,0.0,"(0, nan)"
daal4py,50.0,10.0,1000000.0,1000.0,0.08562984127255696,4.67594,0.0,"(0, nan)"
Double chunking @ fdc9d31,50.0,10.0,1000000.0,1000.0,0.06076020055115147,6.58984,0.0,"(32768, 36)"
Double chunking @ fdc9d31,50.0,10.0,1000000.0,1000.0,0.06961577447549103,5.75157,0.0,"(65536, 54)"
Double chunking @ fdc9d31,50.0,10.0,1000000.0,1000.0,0.03975606220374088,10.07142,0.0,"(131072, 81)"
Double chunking @ fdc9d31,50.0,10.0,1000000.0,1000.0,0.04594145562358298,8.71544,0.0,"(262144, 118)"
Double chunking @ fdc9d31,50.0,10.0,1000000.0,1000.0,0.05288091360891105,7.57173,0.0,"(524288, 171)"
Double chunking @ fdc9d31,50.0,10.0,1000000.0,1000.0,0.0571457115740047,7.00665,0.0,"(1048576, 246)"
Double chunking @ fdc9d31,50.0,10.0,1000000.0,1000.0,0.06509828149641504,6.1507,0.0,"(2097152, 352)"
Double chunking @ fdc9d31,50.0,10.0,1000000.0,1000.0,0.06622111302409198,6.04641,0.0,"(4194304, 502)"
Double chunking @ fdc9d31,50.0,10.0,1000000.0,1000.0,0.07162342250485211,5.59035,0.0,"(8388608, 714)"
Double chunking @ fdc9d31,50.0,10.0,1000000.0,1000.0,0.06954479768786127,5.75744,0.0,"(16777216, 1014)"
sklearn,50.0,10.0,1000000.0,1000.0,0.016253839177922707,24.63418,1.0,"(0, nan)"
daal4py,50.0,10.0,1000000.0,1000.0,0.08608919821371364,4.65099,1.0,"(0, nan)"
Double chunking @ fdc9d31,50.0,10.0,1000000.0,1000.0,0.06138750479110771,6.5225,1.0,"(32768, 36)"
Double chunking @ fdc9d31,50.0,10.0,1000000.0,1000.0,0.07011019066679974,5.71101,1.0,"(65536, 54)"
Double chunking @ fdc9d31,50.0,10.0,1000000.0,1000.0,0.040544207767800364,9.87564,1.0,"(131072, 81)"
Double chunking @ fdc9d31,50.0,10.0,1000000.0,1000.0,0.046475240675353496,8.61534,1.0,"(262144, 118)"
Double chunking @ fdc9d31,50.0,10.0,1000000.0,1000.0,0.049462203538697014,8.09507,1.0,"(524288, 171)"
Double chunking @ fdc9d31,50.0,10.0,1000000.0,1000.0,0.056859654354648605,7.0419,1.0,"(1048576, 246)"
Double chunking @ fdc9d31,50.0,10.0,1000000.0,1000.0,0.06478587007876564,6.18036,1.0,"(2097152, 352)"
Double chunking @ fdc9d31,50.0,10.0,1000000.0,1000.0,0.06772219018028242,5.91239,1.0,"(4194304, 502)"
Double chunking @ fdc9d31,50.0,10.0,1000000.0,1000.0,0.0721516843201632,5.54942,1.0,"(8388608, 714)"
Double chunking @ fdc9d31,50.0,10.0,1000000.0,1000.0,0.07011878514476447,5.71031,1.0,"(16777216, 1014)"
sklearn,50.0,10.0,1000000.0,1000.0,0.01524984765386959,26.256,2.0,"(0, nan)"
daal4py,50.0,10.0,1000000.0,1000.0,0.08584850440498881,4.66403,2.0,"(0, nan)"
Double chunking @ fdc9d31,50.0,10.0,1000000.0,1000.0,0.06140181383779739,6.52098,2.0,"(32768, 36)"
Double chunking @ fdc9d31,50.0,10.0,1000000.0,1000.0,0.07019549199080656,5.70407,2.0,"(65536, 54)"
Double chunking @ fdc9d31,50.0,10.0,1000000.0,1000.0,0.040350415748352075,9.92307,2.0,"(131072, 81)"
Double chunking @ fdc9d31,50.0,10.0,1000000.0,1000.0,0.04602256530974427,8.70008,2.0,"(262144, 118)"
Double chunking @ fdc9d31,50.0,10.0,1000000.0,1000.0,0.05272812750619924,7.59367,2.0,"(524288, 171)"
Double chunking @ fdc9d31,50.0,10.0,1000000.0,1000.0,0.0577657744999596,6.93144,2.0,"(1048576, 246)"
Double chunking @ fdc9d31,50.0,10.0,1000000.0,1000.0,0.0648459907719167,6.17463,2.0,"(2097152, 352)"
Double chunking @ fdc9d31,50.0,10.0,1000000.0,1000.0,0.06770112085596941,5.91423,2.0,"(4194304, 502)"
Double chunking @ fdc9d31,50.0,10.0,1000000.0,1000.0,0.07144552278887349,5.60427,2.0,"(8388608, 714)"
Double chunking @ fdc9d31,50.0,10.0,1000000.0,1000.0,0.07049345417925479,5.67996,2.0,"(16777216, 1014)"
sklearn,50.0,10.0,1000000.0,1000.0,0.015130965611819688,26.46229,3.0,"(0, nan)"
daal4py,50.0,10.0,1000000.0,1000.0,0.08745661570855368,4.57827,3.0,"(0, nan)"
Double chunking @ fdc9d31,50.0,10.0,1000000.0,1000.0,0.06124187635075505,6.53801,3.0,"(32768, 36)"
Double chunking @ fdc9d31,50.0,10.0,1000000.0,1000.0,0.070233169210368,5.70101,3.0,"(65536, 54)"
Double chunking @ fdc9d31,50.0,10.0,1000000.0,1000.0,0.040539199705169456,9.87686,3.0,"(131072, 81)"
Double chunking @ fdc9d31,50.0,10.0,1000000.0,1000.0,0.04679877229194766,8.55578,3.0,"(262144, 118)"
Double chunking @ fdc9d31,50.0,10.0,1000000.0,1000.0,0.053261183318767655,7.51767,3.0,"(524288, 171)"
Double chunking @ fdc9d31,50.0,10.0,1000000.0,1000.0,0.0587359449607229,6.81695,3.0,"(1048576, 246)"
Double chunking @ fdc9d31,50.0,10.0,1000000.0,1000.0,0.06426264869966038,6.23068,3.0,"(2097152, 352)"
Double chunking @ fdc9d31,50.0,10.0,1000000.0,1000.0,0.06804651771435757,5.88421,3.0,"(4194304, 502)"
Double chunking @ fdc9d31,50.0,10.0,1000000.0,1000.0,0.0707783139771261,5.6571,3.0,"(8388608, 714)"
Double chunking @ fdc9d31,50.0,10.0,1000000.0,1000.0,0.07152324505464275,5.59818,3.0,"(16777216, 1014)"
sklearn,50.0,10.0,1000000.0,1000.0,0.014977994991125052,26.73255,4.0,"(0, nan)"
daal4py,50.0,10.0,1000000.0,1000.0,0.08775044160124831,4.56294,4.0,"(0, nan)"
Double chunking @ fdc9d31,50.0,10.0,1000000.0,1000.0,0.06228881850369937,6.42812,4.0,"(32768, 36)"
Double chunking @ fdc9d31,50.0,10.0,1000000.0,1000.0,0.07048290648692704,5.68081,4.0,"(65536, 54)"
Double chunking @ fdc9d31,50.0,10.0,1000000.0,1000.0,0.041092122709863343,9.74396,4.0,"(131072, 81)"
Double chunking @ fdc9d31,50.0,10.0,1000000.0,1000.0,0.046902216375714394,8.53691,4.0,"(262144, 118)"
Double chunking @ fdc9d31,50.0,10.0,1000000.0,1000.0,0.05343732525100462,7.49289,4.0,"(524288, 171)"
Double chunking @ fdc9d31,50.0,10.0,1000000.0,1000.0,0.05800569916135117,6.90277,4.0,"(1048576, 246)"
Double chunking @ fdc9d31,50.0,10.0,1000000.0,1000.0,0.06535232968650795,6.12679,4.0,"(2097152, 352)"
Double chunking @ fdc9d31,50.0,10.0,1000000.0,1000.0,0.06737440075653173,5.94291,4.0,"(4194304, 502)"
Double chunking @ fdc9d31,50.0,10.0,1000000.0,1000.0,0.07091206302035091,5.64643,4.0,"(8388608, 714)"
Double chunking @ fdc9d31,50.0,10.0,1000000.0,1000.0,0.07060283963069285,5.67116,4.0,"(16777216, 1014)"
sklearn,100.0,10.0,1000000.0,1000.0,0.028145470751274597,28.45218,0.0,"(0, nan)"
daal4py,100.0,10.0,1000000.0,1000.0,0.12385356573920844,6.4657,0.0,"(0, nan)"
Double chunking @ fdc9d31,100.0,10.0,1000000.0,1000.0,0.0773959098465226,10.3468,0.0,"(32768, 36)"
Double chunking @ fdc9d31,100.0,10.0,1000000.0,1000.0,0.04152807553048383,19.28334,0.0,"(65536, 54)"
Double chunking @ fdc9d31,100.0,10.0,1000000.0,1000.0,0.056846253882979626,14.08712,0.0,"(131072, 81)"
Double chunking @ fdc9d31,100.0,10.0,1000000.0,1000.0,0.06525625793497516,12.27162,0.0,"(262144, 118)"
Double chunking @ fdc9d31,100.0,10.0,1000000.0,1000.0,0.07741491416495717,10.34426,0.0,"(524288, 171)"
Double chunking @ fdc9d31,100.0,10.0,1000000.0,1000.0,0.0824771998125518,9.70935,0.0,"(1048576, 246)"
Double chunking @ fdc9d31,100.0,10.0,1000000.0,1000.0,0.0952606403922721,8.40641,0.0,"(2097152, 352)"
Double chunking @ fdc9d31,100.0,10.0,1000000.0,1000.0,0.10005147503460822,8.00388,0.0,"(4194304, 502)"
Double chunking @ fdc9d31,100.0,10.0,1000000.0,1000.0,0.10152310005502126,7.88786,0.0,"(8388608, 714)"
Double chunking @ fdc9d31,100.0,10.0,1000000.0,1000.0,0.10693059259150457,7.48897,0.0,"(16777216, 1014)"
sklearn,100.0,10.0,1000000.0,1000.0,0.028603892172470613,27.99619,1.0,"(0, nan)"
daal4py,100.0,10.0,1000000.0,1000.0,0.122953903034081,6.51301,1.0,"(0, nan)"
Double chunking @ fdc9d31,100.0,10.0,1000000.0,1000.0,0.07793772573278299,10.27487,1.0,"(32768, 36)"
Double chunking @ fdc9d31,100.0,10.0,1000000.0,1000.0,0.041633717904526316,19.23441,1.0,"(65536, 54)"
Double chunking @ fdc9d31,100.0,10.0,1000000.0,1000.0,0.05700443407367438,14.04803,1.0,"(131072, 81)"
Double chunking @ fdc9d31,100.0,10.0,1000000.0,1000.0,0.06578628493972193,12.17275,1.0,"(262144, 118)"
Double chunking @ fdc9d31,100.0,10.0,1000000.0,1000.0,0.07532609482923232,10.63111,1.0,"(524288, 171)"
Double chunking @ fdc9d31,100.0,10.0,1000000.0,1000.0,0.08224729856447241,9.73649,1.0,"(1048576, 246)"
Double chunking @ fdc9d31,100.0,10.0,1000000.0,1000.0,0.09377356634643758,8.53972,1.0,"(2097152, 352)"
Double chunking @ fdc9d31,100.0,10.0,1000000.0,1000.0,0.09678581183813274,8.27394,1.0,"(4194304, 502)"
Double chunking @ fdc9d31,100.0,10.0,1000000.0,1000.0,0.09921365005383159,8.07147,1.0,"(8388608, 714)"
Double chunking @ fdc9d31,100.0,10.0,1000000.0,1000.0,0.10387049911798278,7.7096,1.0,"(16777216, 1014)"
sklearn,100.0,10.0,1000000.0,1000.0,0.028097427338081033,28.50083,2.0,"(0, nan)"
daal4py,100.0,10.0,1000000.0,1000.0,0.12315452755905512,6.5024,2.0,"(0, nan)"
Double chunking @ fdc9d31,100.0,10.0,1000000.0,1000.0,0.07695079588532332,10.40665,2.0,"(32768, 36)"
Double chunking @ fdc9d31,100.0,10.0,1000000.0,1000.0,0.04108413269025652,19.49171,2.0,"(65536, 54)"
Double chunking @ fdc9d31,100.0,10.0,1000000.0,1000.0,0.05688889899236745,14.07656,2.0,"(131072, 81)"
Double chunking @ fdc9d31,100.0,10.0,1000000.0,1000.0,0.06603975085003089,12.12603,2.0,"(262144, 118)"
Double chunking @ fdc9d31,100.0,10.0,1000000.0,1000.0,0.07565444210044998,10.58497,2.0,"(524288, 171)"
Double chunking @ fdc9d31,100.0,10.0,1000000.0,1000.0,0.08257151282807432,9.69826,2.0,"(1048576, 246)"
Double chunking @ fdc9d31,100.0,10.0,1000000.0,1000.0,0.09514813428624047,8.41635,2.0,"(2097152, 352)"
Double chunking @ fdc9d31,100.0,10.0,1000000.0,1000.0,0.0987028610025095,8.11324,2.0,"(4194304, 502)"
Double chunking @ fdc9d31,100.0,10.0,1000000.0,1000.0,0.09959009869468323,8.04096,2.0,"(8388608, 714)"
Double chunking @ fdc9d31,100.0,10.0,1000000.0,1000.0,0.10556705379859473,7.5857,2.0,"(16777216, 1014)"
sklearn,100.0,10.0,1000000.0,1000.0,0.028739509791817996,27.86408,3.0,"(0, nan)"
daal4py,100.0,10.0,1000000.0,1000.0,0.12217280861678352,6.55465,3.0,"(0, nan)"
Double chunking @ fdc9d31,100.0,10.0,1000000.0,1000.0,0.07708100917598976,10.38907,3.0,"(32768, 36)"
Double chunking @ fdc9d31,100.0,10.0,1000000.0,1000.0,0.041380479244651235,19.35212,3.0,"(65536, 54)"
Double chunking @ fdc9d31,100.0,10.0,1000000.0,1000.0,0.05694148565512573,14.06356,3.0,"(131072, 81)"
Double chunking @ fdc9d31,100.0,10.0,1000000.0,1000.0,0.06519171231633285,12.28377,3.0,"(262144, 118)"
Double chunking @ fdc9d31,100.0,10.0,1000000.0,1000.0,0.07615135176256906,10.5159,3.0,"(524288, 171)"
Double chunking @ fdc9d31,100.0,10.0,1000000.0,1000.0,0.08174706795684392,9.79607,3.0,"(1048576, 246)"
Double chunking @ fdc9d31,100.0,10.0,1000000.0,1000.0,0.0940172043970184,8.51759,3.0,"(2097152, 352)"
Double chunking @ fdc9d31,100.0,10.0,1000000.0,1000.0,0.09916585762120822,8.07536,3.0,"(4194304, 502)"
Double chunking @ fdc9d31,100.0,10.0,1000000.0,1000.0,0.0998074394431323,8.02345,3.0,"(8388608, 714)"
Double chunking @ fdc9d31,100.0,10.0,1000000.0,1000.0,0.10712756849315068,7.4752,3.0,"(16777216, 1014)"
sklearn,100.0,10.0,1000000.0,1000.0,0.028800689375142286,27.80489,4.0,"(0, nan)"
daal4py,100.0,10.0,1000000.0,1000.0,0.12482775391099943,6.41524,4.0,"(0, nan)"
Double chunking @ fdc9d31,100.0,10.0,1000000.0,1000.0,0.07757690362755336,10.32266,4.0,"(32768, 36)"
Double chunking @ fdc9d31,100.0,10.0,1000000.0,1000.0,0.0414397733852952,19.32443,4.0,"(65536, 54)"
Double chunking @ fdc9d31,100.0,10.0,1000000.0,1000.0,0.05718411098630452,14.00389,4.0,"(131072, 81)"
Double chunking @ fdc9d31,100.0,10.0,1000000.0,1000.0,0.06622417976457669,12.09226,4.0,"(262144, 118)"
Double chunking @ fdc9d31,100.0,10.0,1000000.0,1000.0,0.07604107813486656,10.53115,4.0,"(524288, 171)"
Double chunking @ fdc9d31,100.0,10.0,1000000.0,1000.0,0.08251391288847124,9.70503,4.0,"(1048576, 246)"
Double chunking @ fdc9d31,100.0,10.0,1000000.0,1000.0,0.0933754502322143,8.57613,4.0,"(2097152, 352)"
Double chunking @ fdc9d31,100.0,10.0,1000000.0,1000.0,0.098907057255675,8.09649,4.0,"(4194304, 502)"
Double chunking @ fdc9d31,100.0,10.0,1000000.0,1000.0,0.10016423031268801,7.99487,4.0,"(8388608, 714)"
Double chunking @ fdc9d31,100.0,10.0,1000000.0,1000.0,0.10706383320075137,7.47965,4.0,"(16777216, 1014)"
